network,seed,hosts,vulns,model,filter,aggregation,aggregation_time
s1_h100_v10_filter_aggregation,1,100,10,NETSPA,0,0,0.1256948000009288
s1_h100_v10_filter_aggregation,1,100,10,TVA,0,0,0.1256948000009288
s1_h100_v10_filter_aggregation,1,100,10,MULTI,0,0,0.1256948000009288
s1_h100_v10_filter_aggregation,1,100,10,NETSPA,0,1,0.12026560000231257
s1_h100_v10_filter_aggregation,1,100,10,TVA,0,1,0.12026560000231257
s1_h100_v10_filter_aggregation,1,100,10,MULTI,0,1,0.12026560000231257
s1_h100_v10_filter_aggregation,1,100,10,NETSPA,0,2,0.12301169999773265
s1_h100_v10_filter_aggregation,1,100,10,TVA,0,2,0.12301169999773265
s1_h100_v10_filter_aggregation,1,100,10,MULTI,0,2,0.12301169999773265
s1_h100_v10_filter_aggregation,1,100,10,NETSPA,0,3,0.12098139999943669
s1_h100_v10_filter_aggregation,1,100,10,TVA,0,3,0.12098139999943669
s1_h100_v10_filter_aggregation,1,100,10,MULTI,0,3,0.12098139999943669
s1_h10_v10_filter_aggregation,1,10,10,NETSPA,0,0,0.005474000001413515
s1_h10_v10_filter_aggregation,1,10,10,TVA,0,0,0.005474000001413515
s1_h10_v10_filter_aggregation,1,10,10,MULTI,0,0,0.005474000001413515
s1_h10_v10_filter_aggregation,1,10,10,NETSPA,0,1,0.005080400002043461
s1_h10_v10_filter_aggregation,1,10,10,TVA,0,1,0.005080400002043461
s1_h10_v10_filter_aggregation,1,10,10,MULTI,0,1,0.005080400002043461
s1_h10_v10_filter_aggregation,1,10,10,NETSPA,0,2,0.005692200000339653
s1_h10_v10_filter_aggregation,1,10,10,TVA,0,2,0.005692200000339653
s1_h10_v10_filter_aggregation,1,10,10,MULTI,0,2,0.005692200000339653
s1_h10_v10_filter_aggregation,1,10,10,NETSPA,0,3,0.005392499999288702
s1_h10_v10_filter_aggregation,1,10,10,TVA,0,3,0.005392499999288702
s1_h10_v10_filter_aggregation,1,10,10,MULTI,0,3,0.005392499999288702
s1_h50_v10_filter_aggregation,1,50,10,NETSPA,0,0,0.04744630000277539
s1_h50_v10_filter_aggregation,1,50,10,TVA,0,0,0.04744630000277539
s1_h50_v10_filter_aggregation,1,50,10,MULTI,0,0,0.04744630000277539
s1_h50_v10_filter_aggregation,1,50,10,NETSPA,0,1,0.04457160000310978
s1_h50_v10_filter_aggregation,1,50,10,TVA,0,1,0.04457160000310978
s1_h50_v10_filter_aggregation,1,50,10,MULTI,0,1,0.04457160000310978
s1_h50_v10_filter_aggregation,1,50,10,NETSPA,0,2,0.04655350000030012
s1_h50_v10_filter_aggregation,1,50,10,TVA,0,2,0.04655350000030012
s1_h50_v10_filter_aggregation,1,50,10,MULTI,0,2,0.04655350000030012
s1_h50_v10_filter_aggregation,1,50,10,NETSPA,0,3,0.045274200001585996
s1_h50_v10_filter_aggregation,1,50,10,TVA,0,3,0.045274200001585996
s1_h50_v10_filter_aggregation,1,50,10,MULTI,0,3,0.045274200001585996
s2_h100_v10_filter_aggregation,2,100,10,NETSPA,0,0,0.10438019999855896
s2_h100_v10_filter_aggregation,2,100,10,TVA,0,0,0.10438019999855896
s2_h100_v10_filter_aggregation,2,100,10,MULTI,0,0,0.10438019999855896
s2_h100_v10_filter_aggregation,2,100,10,NETSPA,0,1,0.0975815000019793
s2_h100_v10_filter_aggregation,2,100,10,TVA,0,1,0.0975815000019793
s2_h100_v10_filter_aggregation,2,100,10,MULTI,0,1,0.0975815000019793
s2_h100_v10_filter_aggregation,2,100,10,NETSPA,0,2,0.09790920000159531
s2_h100_v10_filter_aggregation,2,100,10,TVA,0,2,0.09790920000159531
s2_h100_v10_filter_aggregation,2,100,10,MULTI,0,2,0.09790920000159531
s2_h100_v10_filter_aggregation,2,100,10,NETSPA,0,3,0.09679479999977048
s2_h100_v10_filter_aggregation,2,100,10,TVA,0,3,0.09679479999977048
s2_h100_v10_filter_aggregation,2,100,10,MULTI,0,3,0.09679479999977048
s2_h10_v10_filter_aggregation,2,10,10,NETSPA,0,0,0.005171900000277674
s2_h10_v10_filter_aggregation,2,10,10,TVA,0,0,0.005171900000277674
s2_h10_v10_filter_aggregation,2,10,10,MULTI,0,0,0.005171900000277674
s2_h10_v10_filter_aggregation,2,10,10,NETSPA,0,1,0.005076499997812789
s2_h10_v10_filter_aggregation,2,10,10,TVA,0,1,0.005076499997812789
s2_h10_v10_filter_aggregation,2,10,10,MULTI,0,1,0.005076499997812789
s2_h10_v10_filter_aggregation,2,10,10,NETSPA,0,2,0.005393500003265217
s2_h10_v10_filter_aggregation,2,10,10,TVA,0,2,0.005393500003265217
s2_h10_v10_filter_aggregation,2,10,10,MULTI,0,2,0.005393500003265217
s2_h10_v10_filter_aggregation,2,10,10,NETSPA,0,3,0.004760099996929057
s2_h10_v10_filter_aggregation,2,10,10,TVA,0,3,0.004760099996929057
s2_h10_v10_filter_aggregation,2,10,10,MULTI,0,3,0.004760099996929057
s2_h50_v10_filter_aggregation,2,50,10,NETSPA,0,0,0.041178299998136936
s2_h50_v10_filter_aggregation,2,50,10,TVA,0,0,0.041178299998136936
s2_h50_v10_filter_aggregation,2,50,10,MULTI,0,0,0.041178299998136936
s2_h50_v10_filter_aggregation,2,50,10,NETSPA,0,1,0.03811649999988731
s2_h50_v10_filter_aggregation,2,50,10,TVA,0,1,0.03811649999988731
s2_h50_v10_filter_aggregation,2,50,10,MULTI,0,1,0.03811649999988731
s2_h50_v10_filter_aggregation,2,50,10,NETSPA,0,2,0.039245699997991323
s2_h50_v10_filter_aggregation,2,50,10,TVA,0,2,0.039245699997991323
s2_h50_v10_filter_aggregation,2,50,10,MULTI,0,2,0.039245699997991323
s2_h50_v10_filter_aggregation,2,50,10,NETSPA,0,3,0.03870459999961895
s2_h50_v10_filter_aggregation,2,50,10,TVA,0,3,0.03870459999961895
s2_h50_v10_filter_aggregation,2,50,10,MULTI,0,3,0.03870459999961895
s3_h100_v10_filter_aggregation,3,100,10,NETSPA,0,0,0.11473049999767682
s3_h100_v10_filter_aggregation,3,100,10,TVA,0,0,0.11473049999767682
s3_h100_v10_filter_aggregation,3,100,10,MULTI,0,0,0.11473049999767682
s3_h100_v10_filter_aggregation,3,100,10,NETSPA,0,1,0.10880989999714075
s3_h100_v10_filter_aggregation,3,100,10,TVA,0,1,0.10880989999714075
s3_h100_v10_filter_aggregation,3,100,10,MULTI,0,1,0.10880989999714075
s3_h100_v10_filter_aggregation,3,100,10,NETSPA,0,2,0.10980390000258922
s3_h100_v10_filter_aggregation,3,100,10,TVA,0,2,0.10980390000258922
s3_h100_v10_filter_aggregation,3,100,10,MULTI,0,2,0.10980390000258922
s3_h100_v10_filter_aggregation,3,100,10,NETSPA,0,3,0.10870670000076643
s3_h100_v10_filter_aggregation,3,100,10,TVA,0,3,0.10870670000076643
s3_h100_v10_filter_aggregation,3,100,10,MULTI,0,3,0.10870670000076643
s3_h10_v10_filter_aggregation,3,10,10,NETSPA,0,0,0.004682500002672896
s3_h10_v10_filter_aggregation,3,10,10,TVA,0,0,0.004682500002672896
s3_h10_v10_filter_aggregation,3,10,10,MULTI,0,0,0.004682500002672896
s3_h10_v10_filter_aggregation,3,10,10,NETSPA,0,1,0.00419529999999213
s3_h10_v10_filter_aggregation,3,10,10,TVA,0,1,0.00419529999999213
s3_h10_v10_filter_aggregation,3,10,10,MULTI,0,1,0.00419529999999213
s3_h10_v10_filter_aggregation,3,10,10,NETSPA,0,2,0.004756300000735791
s3_h10_v10_filter_aggregation,3,10,10,TVA,0,2,0.004756300000735791
s3_h10_v10_filter_aggregation,3,10,10,MULTI,0,2,0.004756300000735791
s3_h10_v10_filter_aggregation,3,10,10,NETSPA,0,3,0.004155799997533904
s3_h10_v10_filter_aggregation,3,10,10,TVA,0,3,0.004155799997533904
s3_h10_v10_filter_aggregation,3,10,10,MULTI,0,3,0.004155799997533904
s3_h50_v10_filter_aggregation,3,50,10,NETSPA,0,0,0.04178669999964768
s3_h50_v10_filter_aggregation,3,50,10,TVA,0,0,0.04178669999964768
s3_h50_v10_filter_aggregation,3,50,10,MULTI,0,0,0.04178669999964768
s3_h50_v10_filter_aggregation,3,50,10,NETSPA,0,1,0.036056100001587765
s3_h50_v10_filter_aggregation,3,50,10,TVA,0,1,0.036056100001587765
s3_h50_v10_filter_aggregation,3,50,10,MULTI,0,1,0.036056100001587765
s3_h50_v10_filter_aggregation,3,50,10,NETSPA,0,2,0.03933740000138641
s3_h50_v10_filter_aggregation,3,50,10,TVA,0,2,0.03933740000138641
s3_h50_v10_filter_aggregation,3,50,10,MULTI,0,2,0.03933740000138641
s3_h50_v10_filter_aggregation,3,50,10,NETSPA,0,3,0.03793469999800436
s3_h50_v10_filter_aggregation,3,50,10,TVA,0,3,0.03793469999800436
s3_h50_v10_filter_aggregation,3,50,10,MULTI,0,3,0.03793469999800436
